dnaA	Rv0001	0	1524	+
dnaN	Rv0002	2051	3260	+
recF	Rv0003	3279	4437	+
gyrB	Rv0005	5239	7267	+
gyrA	Rv0006	7301	9818	+
ileT	Rvnt01	10886	10960	+
alaT	Rvnt02	11111	11184	+
ppiA	Rv0009	12467	13016	+
trpG	Rv0013	14913	15612	+
pknB	Rv0014c	15589	17470	-
pknA	Rv0015c	17466	18762	-
pbpA	Rv0016c	18758	20234	-
rodA	Rv0017c	20230	21640	-
pstP	Rv0018c	21636	23181	-
fhaB	Rv0019c	23269	23737	-
fhaA	Rv0020c	23860	25444	-
leuT	Rvnt03	25643	25726	+
whiB5	Rv0022c	27022	27442	-
bioF2	Rv0032	34294	36610	+
acpA	Rv0033	36606	36870	+
fadD34	Rv0035	37258	38947	+
mtc28	Rv0040c	42432	43365	-
leuS	Rv0041	43561	46471	+
ino1	Rv0046c	50020	51124	-
ponA1	Rv0050	53662	55699	+
rpsF	Rv0053	58191	58482	+
ssb	Rv0054	58585	59080	+
rpsR1	Rv0055	59121	59376	+
rplI	Rv0056	59408	59867	+
dnaB	Rv0058	60395	63020	+
celA1	Rv0062	65551	66694	+
vapB1	Rv0064A	71588	71828	+
vapC1	Rv0065	71820	72222	+
icd2	Rv0066c	72273	74511	-
sdaA	Rv0069c	76236	77622	-
glyA2	Rv0070c	77618	78896	-
hycD	Rv0084	92327	93278	+
hycP	Rv0085	93288	93951	+
hycQ	Rv0086	93950	95417	+
hycE	Rv0087	95413	96892	+
mtn	Rv0091	99683	100451	+
ctpA	Rv0092	100582	102868	+
PPE1	Rv0096	105323	106715	+
fcoT	Rv0098	107599	108151	+
fadD10	Rv0099	108155	109778	+
nrp	Rv0101	110000	117539	+
ctpB	Rv0103c	119914	122173	-
rpmB1	Rv0105c	123979	124264	-
ctpI	Rv0107c	125642	130541	-
PE_PGRS1	Rv0109	131381	132872	+
gca	Rv0112	136288	137245	+
gmhA	Rv0113	137318	137909	+
gmhB	Rv0114	137940	138513	+
hddA	Rv0115	138512	139673	+
ldtA	Rv0116c	140266	141022	-
oxyS	Rv0117	141199	142144	+
oxcA	Rv0118c	142127	143876	-
fadD7	Rv0119	144048	145626	+
fusA2	Rv0120c	145626	147771	-
PE_PGRS2	Rv0124	149532	150996	+
pepA	Rv0125	151147	152215	+
treS	Rv0126	152323	154129	+
mak	Rv0127	154231	155599	+
fbpC	Rv0129c	156577	157600	-
htdZ	Rv0130	157846	158302	+
fadE1	Rv0131c	158314	159658	-
fgd2	Rv0132c	159699	160782	-
ephF	Rv0134	161770	162673	+
cyp138	Rv0136	163365	164691	+
msrA	Rv0137c	164711	165260	-
PE1	Rv0151c	177542	179309	-
PE2	Rv0152c	179318	180896	-
ptbB	Rv0153c	181154	181985	-
fadE2	Rv0154c	181986	183198	-
pntAa	Rv0155	183621	184722	+
pntAb	Rv0156	184722	185055	+
pntB	Rv0157	185051	186479	+
PE3	Rv0159c	187432	188839	-
PE4	Rv0160c	188930	190439	-
adhE1	Rv0162c	191983	193135	-
TB18.5	Rv0164	193625	194111	+
mce1R	Rv0165c	194143	194815	-
fadD5	Rv0166	194992	196657	+
yrbE1A	Rv0167	196860	197658	+
yrbE1B	Rv0168	197659	198529	+
mce1A	Rv0169	198533	199898	+
mce1B	Rv0170	199894	200935	+
mce1C	Rv0171	200931	202479	+
mce1D	Rv0172	202475	204068	+
lprK	Rv0173	204064	205237	+
mce1F	Rv0174	205230	206778	+
lprO	Rv0179c	209702	210812	-
sigG	Rv0182c	213027	214140	-
bglS	Rv0186	216268	218344	+
mymT	Rv0186A	218389	218551	-
ilvD	Rv0189c	219995	221723	-
zmp1	Rv0198c	234515	236507	-
mmpL11	Rv0202c	238391	241292	-
mmpL3	Rv0206c	244483	247318	-
pckA	Rv0211	251781	253602	+
nadR	Rv0212c	253668	254640	-
fadD4	Rv0214	256063	257677	+
lipW	Rv0217c	259922	260831	-
lipC	Rv0220	262811	264023	+
echA1	Rv0222	265506	266295	+
php	Rv0230c	274982	275963	-
fadE4	Rv0231	276057	277764	+
nrdB	Rv0233	278584	279529	+
gabD1	Rv0234c	279604	281140	-
aftD	Rv0236c	282648	286851	-
lpqI	Rv0237	287185	288352	+
vapB24	Rv0239	289103	289337	+
vapC24	Rv0240	289344	289782	+
htdX	Rv0241c	289811	290654	-
fabG4	Rv0242c	290664	292029	-
fadA2	Rv0243	292170	293493	+
F6	RVnc0008	293603	293705	+
fadE5	Rv0244c	293797	295633	-
hsp	Rv0251c	302172	302652	-
nirB	Rv0252	302865	305427	+
nirD	Rv0253	305452	305809	+
cobU	Rv0254c	305824	306349	-
cobQ1	Rv0255c	306373	307858	-
PPE2	Rv0256c	307876	309547	-
narK3	Rv0261c	312758	314168	-
aac	Rv0262c	314308	314854	-
oplA	Rv0266c	317524	321154	-
narU	Rv0267	321330	322722	+
fadD2	Rv0270	324566	326249	+
fadE6	Rv0271c	326265	328461	-
vapC25	Rv0277c	332707	333136	-
vapB25	Rv0277A	333159	333417	-
PE_PGRS4	Rv0279c	336559	339073	-
PPE3	Rv0280	339363	340974	+
eccA3	Rv0282	342129	344025	+
eccB3	Rv0283	344021	345638	+
eccC3	Rv0284	345634	349627	+
PE5	Rv0285	349623	349932	+
PPE4	Rv0286	349934	351476	+
esxG	Rv0287	351524	351818	+
esxH	Rv0288	351847	352138	+
espG3	Rv0289	352148	353036	+
eccD3	Rv0290	353082	354501	+
mycP3	Rv0291	354497	355883	+
eccE3	Rv0292	355879	356875	+
tam	Rv0294	358170	358956	+
PE_PGRS5	Rv0297	361333	363109	+
vapB2	Rv0300	363825	364047	+
vapC2	Rv0301	364043	364469	+
PPE5	Rv0304c	366149	372764	-
PPE6	Rv0305c	372819	375711	-
glpQ2	Rv0317c	385172	385943	-
glyU	Rvnt04	386203	386274	-
pcp	Rv0319	387147	387816	+
dcd	Rv0321	388581	389154	+
udgA	Rv0322	389259	390591	+
cyp135A1	Rv0327c	392695	394045	-
rmlA	Rv0334	398657	399524	+
PE6	Rv0335c	399534	400050	-
aspC	Rv0337c	401872	403162	-
iniB	Rv0341	409361	410801	+
iniA	Rv0342	410837	412760	+
iniC	Rv0343	412756	414238	+
lpqJ	Rv0344c	414380	414941	-
ansP2	Rv0346c	415501	416965	-
dnaK	Rv0350	419834	421712	+
grpE	Rv0351	421708	422416	+
dnaJ1	Rv0352	422451	423639	+
hspR	Rv0353	423638	424019	+
PPE7	Rv0354c	424268	424694	-
PPE8	Rv0355c	424776	434679	-
purA	Rv0357c	435470	436769	-
mgtE	Rv0362	439870	441253	+
fba	Rv0363c	441264	442299	-
secE2	Rv0379	455976	456192	+
pyrE	Rv0382c	457840	458380	-
clpB	Rv0384c	459455	462002	-
purT	Rv0389	468334	469594	+
metZ	Rv0391	470009	471230	+
ndhA	Rv0392c	471226	472639	-
lpqK	Rv0399c	477326	478556	-
fadE7	Rv0400c	478565	479753	-
mmpL1	Rv0402c	480354	483231	-
mmpS1	Rv0403c	483227	483656	-
fadD30	Rv0404	483976	485734	+
pks6	Rv0405	485730	489939	+
fgd1	Rv0407	490782	491793	+
pta	Rv0408	491785	493858	+
ackA	Rv0409	493850	495008	+
pknG	Rv0410c	495061	497314	-
glnH	Rv0411c	497313	498300	-
mutT3	Rv0413	499712	500366	+
thiE	Rv0414c	500349	501018	-
thiO	Rv0415	501147	502170	+
thiS	Rv0416	502166	502373	+
thiG	Rv0417	502365	503124	+
lpqL	Rv0418	503495	504998	+
lpqM	Rv0419	505085	506582	+
thiD	Rv0422c	507757	508555	-
thiC	Rv0423c	508581	510225	-
ctpH	Rv0425c	510701	515321	-
xthA	Rv0427c	516016	516892	-
def	Rv0429c	517802	518396	-
sodC	Rv0432	519599	520322	+
pssA	Rv0436c	524529	525390	-
psd	Rv0437c	525386	526082	-
moeA2	Rv0438c	526142	527360	-
groEL2	Rv0440	528607	530230	+
PPE10	Rv0442c	530750	532214	-
rskA	Rv0444c	533090	533789	-
sigK	Rv0445c	533832	534396	-
ufaA1	Rv0447c	535223	536507	-
mmpL4	Rv0450c	538587	541491	-
mmpS4	Rv0451c	541487	541910	-
PPE11	Rv0453	543173	544730	+
echA2	Rv0456c	545888	546803	-
mazF1	Rv0456A	547075	547357	-
mazE1	Rv0456B	547343	547517	-
lpdC	Rv0462	552613	554008	+
icl1	Rv0467	557526	558813	+
fadB2	Rv0468	558894	559755	+
umaA	Rv0469	559887	560748	+
pcaA	Rv0470c	560847	561711	-
hbhA	Rv0475	565796	566396	+
deoC	Rv0478	567221	567896	+
murB	Rv0482	570538	571648	+
lprQ	Rv0483	571709	573065	+
mshA	Rv0486	575347	576790	+
gpm1	Rv0489	578425	579175	+
senX3	Rv0490	579348	580581	+
regX3	Rv0491	580808	581492	+
proC	Rv0500	590082	590970	+
galE2	Rv0501	591653	592784	+
cmaA2	Rv0503c	593870	594779	-
serB1	Rv0505c	595463	596585	-
mmpS2	Rv0506	596758	597202	+
mmpL2	Rv0507	597198	600105	+
hemA	Rv0509	600440	601847	+
hemC	Rv0510	601856	602786	+
hemD	Rv0511	602818	604516	+
hemB	Rv0512	604601	605591	+
gabP	Rv0522	613037	614342	+
hemL	Rv0524	614834	616223	+
ccdA	Rv0527	617492	618272	+
ccsA	Rv0529	619890	620865	+
PE_PGRS6	Rv0532	622792	624577	+
fabH	Rv0533c	624472	625480	-
menA	Rv0534c	625561	626440	-
galE3	Rv0536	627247	628288	+
menE	Rv0542c	634415	635504	-
pitA	Rv0545c	636209	637463	-
menB	Rv0548c	639011	639956	-
vapC3	Rv0549c	640227	640641	-
vapB3	Rv0550c	640637	640904	-
fadD8	Rv0551c	641095	642811	-
menC	Rv0553	644489	645470	+
bpoC	Rv0554	645466	646255	+
menD	Rv0555	646297	647962	+
mgtA	Rv0557	648535	649672	+
menH	Rv0558	649688	650393	+
grcC1	Rv0562	652770	653778	+
htpX	Rv0563	653878	654739	+
gpdA1	Rv0564c	654923	655949	-
tyrT	Rvnt05	658108	658189	+
cyp135B1	Rv0568	659449	660868	+
nrdZ	Rv0570	661294	663373	+
pncB2	Rv0573c	665850	667242	-
TB27.3	Rv0577	671165	671951	+
PE_PGRS7	Rv0578c	671995	675916	-
vapB26	Rv0581	677709	677925	+
vapC26	Rv0582	677921	678329	+
lpqN	Rv0583c	678388	679075	-
mce2R	Rv0586	684409	685132	+
yrbE2A	Rv0587	685128	685926	+
mce2A	Rv0589	686820	688035	+
mce2C	Rv0591	689058	690504	+
mce2D	Rv0592	690500	692027	+
lprL	Rv0593	692023	693232	+
mce2F	Rv0594	693236	694787	+
vapC4	Rv0595c	694838	695231	-
vapB4	Rv0596c	695227	695485	-
vapC27	Rv0598c	697153	697567	-
vapB27	Rv0599c	697563	697800	-
tcrA	Rv0602c	699037	699799	-
lpqO	Rv0604	700238	701189	+
vapB28	Rv0608	703243	703489	+
vapC28	Rv0609	703485	703887	+
B55	RVnc0005	704186	704247	+
vapB29	Rv0616A	710781	711009	+
vapC29	Rv0617	711005	711407	+
galT	Rv0618	711637	712719	+
galK	Rv0620	712715	713807	+
vapB30	Rv0623	716409	716664	+
vapC30	Rv0624	716663	717059	+
vapB5	Rv0626	718024	718285	+
vapC5	Rv0627	718281	718689	+
recD	Rv0629c	720004	721732	-
recB	Rv0630c	721728	725013	-
recC	Rv0631c	725012	728306	-
echA3	Rv0632c	728582	729278	-
thrT	Rvnt06	731493	731566	+
metT	Rvnt07	731602	731676	+
rpmG2	Rv0634B	731711	731879	+
hadA	Rv0635	731929	732406	+
hadB	Rv0636	732392	732821	+
hadC	Rv0637	732824	733325	+
trpT	Rvnt08	733523	733596	+
secE1	Rv0638	733736	734222	+
nusG	Rv0639	734253	734970	+
rplK	Rv0640	735021	735450	+
rplA	Rv0641	735516	736224	+
mmaA4	Rv0642c	736297	737203	-
mmaA3	Rv0643c	737267	738149	-
mmaA2	Rv0644c	738296	739160	-
mmaA1	Rv0645c	739326	740187	-
lipG	Rv0646c	740233	741139	-
fabD2	Rv0649	746362	747037	+
rplJ	Rv0651	748275	748812	+
rplL	Rv0652	748848	749241	+
mkl	Rv0655	751516	752596	+
vapC6	Rv0656c	752983	753367	-
vapB6	Rv0657c	753461	753617	-
mazF2	Rv0659c	754684	754993	-
mazE2	Rv0660c	754979	755225	-
vapC7	Rv0661c	755334	755772	-
vapB7	Rv0662c	755768	756023	-
atsD	Rv0663	756136	758500	+
vapB8	Rv0664	758531	758804	+
vapC8	Rv0665	758800	759139	+
rpoB	Rv0667	759806	763325	+
rpoC	Rv0668	763369	767320	+
end	Rv0670	769791	770550	+
lpqP	Rv0671	770581	771424	+
fadE8	Rv0672	771483	773112	+
echA4	Rv0673	773122	774061	+
echA5	Rv0675	774782	775574	+
mmpL5	Rv0676c	775585	778480	-
mmpS5	Rv0677c	778476	778905	-
rpsL	Rv0682	781559	781934	+
rpsG	Rv0683	781933	782404	+
fusA1	Rv0684	782484	784590	+
tuf	Rv0685	784820	786011	+
rpsJ	Rv0700	800486	800792	+
rplC	Rv0701	800808	801462	+
rplD	Rv0702	801461	802133	+
rplW	Rv0703	802132	802435	+
rplB	Rv0704	802527	803370	+
rpsS	Rv0705	803410	803692	+
rplV	Rv0706	803688	804282	+
rpsC	Rv0707	804281	805106	+
rplP	Rv0708	805109	805526	+
rpmC	Rv0709	805525	805759	+
rpsQ	Rv0710	805755	806166	+
atsA	Rv0711	806334	808698	+
rplN	Rv0714	811372	811741	+
rplX	Rv0715	811741	812059	+
rplE	Rv0716	812058	812622	+
rpsN1	Rv0717	812626	812812	+
rpsH	Rv0718	812975	813374	+
rplF	Rv0719	813397	813937	+
rplR	Rv0720	813939	814308	+
rpsE	Rv0721	814327	814990	+
rpmD	Rv0722	814992	815190	+
rplO	Rv0723	815189	815630	+
sppA	Rv0724	815662	817534	+
fucA	Rv0727c	819842	820499	-
serA2	Rv0728c	820495	821476	-
xylB	Rv0729	821506	822853	+
secY	Rv0732	824799	826125	+
adk	Rv0733	826121	826667	+
mapA	Rv0734	826669	827470	+
sigL	Rv0735	827542	828076	+
rslA	Rv0736	828139	828892	+
PE_PGRS9	Rv0746	835700	838052	+
PE_PGRS10	Rv0747	838450	840856	+
vapB31	Rv0748	840946	841204	+
vapC31	Rv0749	841227	841656	+
mmsB	Rv0751c	842346	843231	-
fadE9	Rv0752c	843241	844414	-
mmsA	Rv0753c	844420	845953	-
PE_PGRS11	Rv0754	846158	847913	+
PPE12	Rv0755c	848102	850040	-
thrV	Rvnt09	850641	850713	-
phoP	Rv0757	851607	852351	+
phoR	Rv0758	852395	853853	+
adhB	Rv0761c	854698	855826	-
cyp51	Rv0764c	856681	858037	-
cyp123	Rv0766c	858863	860072	-
aldA	Rv0768	860911	862381	+
purD	Rv0772	864585	865854	+
ggtA	Rv0773c	865850	867389	-
purB	Rv0777	870007	871426	+
cyp126	Rv0778	871430	872675	+
purC	Rv0780	873342	874236	+
emrB	Rv0783c	876817	878440	-
purQ	Rv0788	882759	883434	+
cfp29	Rv0798c	891471	892269	-
pepC	Rv0800	893317	894619	+
purL	Rv0803	895819	898084	+
cpsY	Rv0806c	899731	901330	-
purF	Rv0808	902110	903694	+
purM	Rv0809	903724	904819	+
cysA2	Rv0815c	908484	909318	-
thiX	Rv0816c	909610	910033	-
mshD	Rv0819	911735	912683	+
phoT	Rv0820	912725	913502	+
phoY2	Rv0821c	913557	914199	-
desA1	Rv0824c	917733	918750	-
ASdes	RVnc0002	918263	918458	+
kmtR	Rv0827c	920740	921133	-
lysT	Rvnt10	923802	923875	-
gluT	Rvnt11	923998	924072	+
aspT	Rvnt12	924109	924183	+
pheU	Rvnt13	924212	924286	+
PE_PGRS12	Rv0832	924950	925364	+
PE_PGRS13	Rv0833	925360	927610	+
PE_PGRS14	Rv0834c	927836	930485	-
lpqQ	Rv0835	930952	931597	+
lpqR	Rv0838	934719	935490	+
pip	Rv0840c	936456	937317	-
narL	Rv0844c	940455	941106	-
lpqS	Rv0847	944342	944735	+
cysK2	Rv0848	944937	946056	+
pdc	Rv0853c	949435	951118	-
far	Rv0855	951631	952711	+
dapC	Rv0858c	953726	954920	-
fadB	Rv0860	956292	958455	+
ercc3	Rv0861c	958522	960151	-
moaC2	Rv0864	962889	963393	+
mog	Rv0865	963389	963872	+
moaE2	Rv0866	963868	964294	+
rpfA	Rv0867c	964311	965535	-
moaD2	Rv0868c	965982	966261	-
moaA2	Rv0869c	966264	967347	-
cspB	Rv0871	967897	968305	+
PE_PGRS15	Rv0872c	968423	970244	-
fadE10	Rv0873	970504	972457	+
PPE13	Rv0878c	976871	978203	-
serC	Rv0884c	981423	982554	-
fprB	Rv0886	983802	985530	+
citA	Rv0889c	988739	989861	-
gltA2	Rv0896	999471	1000767	+
arfA	Rv0899	1002811	1003792	+
arfB	Rv0900	1003804	1003957	+
arfC	Rv0901	1003956	1004484	+
prrB	Rv0902c	1004500	1005841	-
prrA	Rv0903c	1005851	1006562	-
accD3	Rv0904c	1006692	1008180	-
echA6	Rv0905	1008206	1008938	+
ctpE	Rv0908	1011730	1014124	+
PPE14	Rv0915c	1020057	1021329	-
PE7	Rv0916c	1021343	1021643	-
betP	Rv0917	1022086	1023868	+
argT	Rvnt14	1025320	1025393	-
mntH	Rv0924c	1030577	1031864	-
pstS3	Rv0928	1034902	1036015	+
pstC2	Rv0929	1036027	1037002	+
pstA1	Rv0930	1036998	1037925	+
pknD	Rv0931c	1037919	1039914	-
pstS2	Rv0932c	1039935	1041048	-
pstB	Rv0933	1041263	1042094	+
pstS1	Rv0934	1042114	1043239	+
pstC1	Rv0935	1043298	1044315	+
pstA2	Rv0936	1044316	1045222	+
mku	Rv0937c	1045198	1046020	-
ligD	Rv0938	1046135	1048415	+
pgi	Rv0946c	1055023	1056685	-
uvrD1	Rv0949	1058259	1060575	+
sucC	Rv0951	1061963	1063127	+
sucD	Rv0952	1063139	1064051	+
purN	Rv0956	1067560	1068208	+
purH	Rv0957	1068204	1069776	+
vapB9	Rv0959A	1073326	1073548	+
vapC9	Rv0960	1073544	1073928	+
lprP	Rv0962c	1074439	1075114	-
csoR	Rv0967	1077974	1078334	+
ctpV	Rv0969	1078742	1081055	+
echA7	Rv0971c	1081774	1082584	-
fadE12	Rv0972c	1082583	1083750	-
accA2	Rv0973c	1083746	1085750	-
accD2	Rv0974c	1085755	1087345	-
fadE13	Rv0975c	1087347	1088496	-
PE_PGRS16	Rv0977	1090372	1093144	+
PE_PGRS17	Rv0978c	1093360	1094356	-
rpmF	Rv0979A	1094885	1095059	+
PE_PGRS18	Rv0980c	1095077	1096451	-
mprA	Rv0981	1096821	1097508	+
mprB	Rv0982	1097507	1099022	+
pepD	Rv0983	1099065	1100460	+
moaB2	Rv0984	1100459	1101005	+
mscL	Rv0985c	1101024	1101480	-
grcC2	Rv0989c	1106404	1107382	-
galU	Rv0993	1109271	1110192	+
moeA1	Rv0994	1110268	1111549	+
rimJ	Rv0995	1111611	1112223	+
alaV	Rvnt15	1113510	1113583	+
arcA	Rv1001	1117184	1118393	+
metS	Rv1007c	1125443	1127003	-
tatD	Rv1008	1127088	1127883	+
rpfB	Rv1009	1128090	1129179	+
ksgA	Rv1010	1129151	1130105	+
ispE	Rv1011	1130190	1131111	+
pks16	Rv1013	1131624	1133259	+
pth	Rv1014c	1133332	1133908	-
rplY	Rv1015c	1133920	1134568	-
lpqT	Rv1016c	1134784	1135465	-
prsA	Rv1017c	1135500	1136481	-
glmU	Rv1018c	1136572	1138060	-
glnT	Rvnt16	1138075	1138147	-
mfd	Rv1020	1138966	1142671	+
lpqU	Rv1022	1143735	1144467	+
eno	Rv1023	1144563	1145853	+
kdpE	Rv1027c	1148426	1149107	-
kdpD	Rv1028c	1149103	1151686	-
kdpF	Rv1028A	1151919	1152012	+
kdpA	Rv1029	1152011	1153727	+
kdpB	Rv1030	1153723	1155853	+
kdpC	Rv1031	1155852	1156422	+
trcS	Rv1032c	1156425	1157955	-
trcR	Rv1033c	1157962	1158736	-
esxI	Rv1037c	1160543	1160828	-
esxJ	Rv1038c	1160854	1161151	-
PPE15	Rv1039c	1161296	1162472	-
PE8	Rv1040c	1162548	1163376	-
leuX	Rvnt17	1177395	1177469	+
fadD14	Rv1058	1180683	1182315	+
lpqV	Rv1064c	1186903	1187323	-
PE_PGRS19	Rv1067c	1188420	1190424	-
PE_PGRS20	Rv1068c	1190756	1192148	-
echA8	Rv1070c	1194269	1195043	-
echA9	Rv1071c	1195054	1196092	-
fadA3	Rv1074c	1198155	1199373	-
lipU	Rv1076	1200766	1201660	+
cbs	Rv1077	1201716	1203111	+
metB	Rv1079	1204066	1205233	+
greA	Rv1080c	1205303	1205798	-
mca	Rv1082	1206519	1207386	+
PE_PGRS21	Rv1087	1211559	1213863	+
PE9	Rv1088	1214512	1214947	+
PE_PGRS22	Rv1091	1216468	1219030	+
coaA	Rv1092c	1219247	1220186	-
MTS0858	RVnc0034	1220387	1220487	-
glyA1	Rv1093	1220573	1221854	+
desA2	Rv1094	1221958	1222786	+
phoH2	Rv1095	1222996	1224298	+
fum	Rv1098c	1226140	1227565	-
glpX	Rv1099c	1227595	1228684	-
mazF3	Rv1102c	1230659	1230971	-
mazE3	Rv1103c	1230970	1231291	-
xseB	Rv1107c	1233965	1234223	-
xseA	Rv1108c	1234212	1235460	-
lytB2	Rv1110	1236184	1237192	+
vapB32	Rv1113	1239415	1239613	+
vapC32	Rv1114	1239609	1239984	+
zwf1	Rv1121	1243706	1245107	+
gnd2	Rv1122	1245128	1246151	+
bpoB	Rv1123c	1246143	1247052	-
ephC	Rv1124	1247126	1248077	+
ppdK	Rv1127c	1249931	1251404	-
prpD	Rv1130	1254554	1256135	+
prpC	Rv1131	1256131	1257313	+
metE	Rv1133c	1259066	1261346	-
PPE16	Rv1135c	1262271	1264128	-
echA11	Rv1141c	1268202	1269009	-
echA10	Rv1142c	1269151	1269958	-
mcr	Rv1143	1270061	1271144	+
omt	Rv1153c	1279997	1280846	-
mcr10	RVnc0012	1283692	1283815	+
pimE	Rv1159	1284991	1286287	+
mutT2	Rv1160	1286594	1287020	+
narG	Rv1161	1287327	1291026	+
narH	Rv1162	1291064	1292741	+
narJ	Rv1163	1292797	1293403	+
narI	Rv1164	1293405	1294146	+
typA	Rv1165	1294167	1296054	+
lpqW	Rv1166	1296151	1298059	+
PPE17	Rv1168c	1298763	1299804	-
lipX	Rv1169c	1299821	1300124	-
mshB	Rv1170	1300303	1301215	+
PE12	Rv1172c	1301754	1302681	-
fbiC	Rv1173	1302930	1305501	+
TB8.4	Rv1174c	1305668	1306001	-
fadH	Rv1175c	1306201	1308226	-
fdxC	Rv1177	1309004	1309331	+
pks3	Rv1180	1313724	1315191	+
pks4	Rv1181	1315233	1319982	+
papA3	Rv1182	1320034	1321453	+
mmpL10	Rv1183	1321519	1324528	+
fadD21	Rv1185c	1325775	1327512	-
rocA	Rv1187	1329389	1331021	+
sigI	Rv1189	1332091	1332964	+
fadD36	Rv1193	1335793	1337215	+
PE13	Rv1195	1339002	1339302	+
PPE18	Rv1196	1339348	1340524	+
esxK	Rv1197	1340658	1340955	+
esxL	Rv1198	1341005	1341290	+
dapD	Rv1201c	1344215	1345169	-
dapE	Rv1202	1345259	1346324	+
fadD6	Rv1206	1349331	1351125	+
folP2	Rv1207	1351190	1352147	+
gpgS	Rv1208	1352143	1353118	+
tagA	Rv1210	1353521	1354136	+
glgA	Rv1212c	1354497	1355661	-
glgC	Rv1213	1355835	1357050	+
PE14	Rv1214c	1357292	1357625	-
sigE	Rv1221	1364412	1365186	+
rseA	Rv1222	1365343	1365808	+
htrA	Rv1223	1365874	1367461	+
tatB	Rv1224	1367462	1367858	+
lpqX	Rv1228	1370919	1371477	+
mrp	Rv1229c	1371776	1372949	-
lpqY	Rv1235	1377523	1378930	+
sugA	Rv1236	1378926	1379850	+
sugB	Rv1237	1379854	1380679	+
sugC	Rv1238	1380683	1381865	+
corA	Rv1239c	1381941	1383042	-
mdh	Rv1240	1383212	1384202	+
vapB33	Rv1241	1384277	1384538	+
vapC33	Rv1242	1384534	1384966	+
PE_PGRS23	Rv1243c	1384988	1386677	-
lpqZ	Rv1244	1386856	1387717	+
relE	Rv1246c	1388684	1388978	-
relB	Rv1247c	1388974	1389244	-
lprE	Rv1252c	1399295	1399904	-
deaD	Rv1253	1399969	1401661	+
cyp130	Rv1256c	1403385	1404603	-
udgB	Rv1259	1407338	1408238	+
amiB2	Rv1263	1410430	1411819	+
mcr11	RVnc0013	1413093	1413224	-
pknH	Rv1266c	1413959	1415840	-
embR	Rv1267c	1416180	1417347	-
lprA	Rv1270c	1419013	1419748	-
lprB	Rv1274	1424196	1424754	+
lprC	Rv1275	1424750	1425293	+
oppA	Rv1280c	1431664	1433440	-
oppD	Rv1281c	1433432	1435271	-
oppC	Rv1282c	1435267	1436143	-
oppB	Rv1283c	1436139	1437117	-
canA	Rv1284	1437323	1437815	+
cysD	Rv1285	1437908	1438907	+
argV	Rvnt18	1446192	1446265	-
argS	Rv1292	1446378	1448031	+
lysA	Rv1293	1448027	1449371	+
thrA	Rv1294	1449374	1450700	+
thrC	Rv1295	1450696	1451779	+
thrB	Rv1296	1451996	1452947	+
rho	Rv1297	1453203	1455012	+
rpmE	Rv1298	1455162	1455405	+
prfA	Rv1299	1455494	1456568	+
hemK	Rv1300	1456564	1457542	+
rfe	Rv1302	1458294	1459509	+
atpB	Rv1304	1460243	1460996	+
atpE	Rv1305	1461044	1461290	+
atpF	Rv1306	1461320	1461836	+
atpH	Rv1307	1461842	1463183	+
atpA	Rv1308	1463227	1464877	+
atpG	Rv1309	1464883	1465801	+
atpD	Rv1310	1465840	1467301	+
atpC	Rv1311	1467314	1467680	+
murA	Rv1315	1470320	1471577	+
mcr3	RVnc0021	1471618	1471742	+
rrs	Rvnr01	1471845	1473382	+
rrl	Rvnr02	1473657	1476795	+
rrf	Rvnr03	1476898	1477013	+
ogt	Rv1316c	1477133	1477631	-
alkA	Rv1317c	1477627	1479118	-
fadA4	Rv1323	1485861	1487031	+
PE_PGRS24	Rv1325c	1488153	1489965	-
glgB	Rv1326c	1490116	1492312	-
glgE	Rv1327c	1492319	1494425	-
glgP	Rv1328	1494563	1497155	+
dinG	Rv1329c	1497194	1499189	-
pncB1	Rv1330c	1499212	1500559	-
mec	Rv1334	1502640	1503081	+
cysO	Rv1335	1503102	1503384	+
cysM	Rv1336	1503393	1504365	+
murI	Rv1338	1505074	1505890	+
rphA	Rv1340	1506754	1507534	+
lprD	Rv1343c	1508542	1508923	-
mbtL	Rv1344	1508967	1509288	+
mbtM	Rv1345	1509280	1510846	+
mbtN	Rv1346	1510845	1512006	+
mbtK	Rv1347c	1511972	1512605	-
leuW	Rvnt19	1512727	1512811	+
irtA	Rv1348	1513046	1515626	+
irtB	Rv1349	1515622	1517362	+
fabG2	Rv1350	1517490	1518234	+
moeY	Rv1355c	1521884	1524032	-
PPE19	Rv1361c	1532442	1533633	-
mcr15	RVnc0015	1535416	1535716	-
rsfA	Rv1365c	1537782	1538169	-
lprF	Rv1368	1541019	1541805	+
MTS1082	RVnc0035	1547128	1547268	+
pyrR	Rv1379	1552653	1553235	+
pyrB	Rv1380	1553231	1554191	+
pyrC	Rv1381	1554187	1555480	+
carA	Rv1383	1555970	1557101	+
carB	Rv1384	1557100	1560448	+
pyrF	Rv1385	1560444	1561269	+
PE15	Rv1386	1561463	1561772	+
PPE20	Rv1387	1561768	1563388	+
mihF	Rv1388	1563693	1564266	+
gmk	Rv1389	1564400	1565027	+
rpoZ	Rv1390	1565092	1565425	+
dfp	Rv1391	1565440	1566697	+
metK	Rv1392	1566824	1568036	+
cyp132	Rv1394c	1569583	1570969	-
PE_PGRS25	Rv1396c	1572126	1573857	-
vapC10	Rv1397c	1574111	1574513	-
vapB10	Rv1398c	1574509	1574767	-
nlhH	Rv1399c	1574849	1575809	-
lipI	Rv1400c	1575833	1576796	-
priA	Rv1402	1577612	1579580	+
fmt	Rv1406	1582165	1583104	+
fmu	Rv1407	1583100	1584474	+
rpe	Rv1408	1584498	1585197	+
ribG	Rv1409	1585193	1586213	+
lprG	Rv1411c	1587771	1588482	-
ribC	Rv1412	1588566	1589172	+
ribA2	Rv1415	1590396	1591674	+
ribH	Rv1416	1591670	1592153	+
lprH	Rv1418	1592638	1593325	+
uvrC	Rv1420	1594041	1595982	+
whiA	Rv1423	1597905	1598883	+
lipO	Rv1426c	1601058	1602321	-
fadD12	Rv1427c	1602320	1603928	-
PE16	Rv1430	1606385	1607972	+
gap	Rv1436	1613306	1614326	+
pgk	Rv1437	1614328	1615567	+
tpi	Rv1438	1615563	1616349	+
secG	Rv1440	1617836	1618070	+
PE_PGRS26	Rv1441c	1618208	1619684	-
bisC	Rv1442	1619790	1622091	+
devB	Rv1445c	1623713	1624457	-
opcA	Rv1446c	1624453	1625365	-
zwf2	Rv1447c	1625417	1626962	-
tal	Rv1448c	1626958	1628080	-
tkt	Rv1449c	1628096	1630199	-
PE_PGRS27	Rv1450c	1630637	1634627	-
PE_PGRS28	Rv1452c	1636003	1638229	-
qor	Rv1454c	1639673	1640660	-
csd	Rv1464	1651517	1652771	+
fadE15	Rv1467c	1653672	1655502	-
PE_PGRS29	Rv1468c	1655608	1656721	-
ctpD	Rv1469	1656962	1658936	+
trxA	Rv1470	1658979	1659354	+
trxB1	Rv1471	1659369	1659741	+
echA12	Rv1472	1659762	1660620	+
acn	Rv1475c	1663214	1666046	-
ripA	Rv1477	1666989	1668408	+
moxR1	Rv1479	1669282	1670416	+
fabG1	Rv1483	1673439	1674183	+
inhA	Rv1484	1674201	1675011	+
hemZ	Rv1485	1675016	1676051	+
mutA	Rv1492	1682156	1684004	+
mutB	Rv1493	1684004	1686257	+
mazE4	Rv1494	1686270	1686573	+
mazF4	Rv1495	1686569	1686887	+
lipL	Rv1497	1687940	1689230	+
gmdA	Rv1511	1703073	1704096	+
epiA	Rv1512	1704092	1705061	+
fadD25	Rv1521	1712301	1714053	+
mmpL12	Rv1522c	1714171	1717612	-
wbbL2	Rv1525	1720016	1720802	+
pks5	Rv1527c	1722082	1728409	-
papA4	Rv1528c	1728952	1729450	-
fadD24	Rv1529	1729501	1731256	+
adh	Rv1530	1731372	1732476	+
ileS	Rv1536	1736518	1739644	+
dinX	Rv1537	1739855	1741247	+
ansA	Rv1538c	1741211	1742192	-
lspA	Rv1539	1742243	1742852	+
lprI	Rv1541c	1743777	1744371	-
glbN	Rv1542c	1744425	1744836	-
dnaE1	Rv1547	1747693	1751248	+
PPE21	Rv1548c	1751296	1753333	-
fadD11	Rv1550	1753715	1755431	+
plsB1	Rv1551	1755444	1757310	+
frdA	Rv1552	1757680	1759432	+
frdB	Rv1553	1759434	1760178	+
frdC	Rv1554	1760174	1760555	+
frdD	Rv1555	1760551	1760929	+
mmpL6	Rv1557	1761743	1762937	+
ilvA	Rv1559	1763427	1764717	+
vapB11	Rv1560	1764754	1764973	+
vapC11	Rv1561	1764978	1765383	+
treZ	Rv1562c	1765399	1767142	-
treY	Rv1563c	1767134	1769432	-
treX	Rv1564c	1769435	1771601	-
bioA	Rv1568	1775391	1776705	+
bioF1	Rv1569	1776701	1777862	+
bioD	Rv1570	1777858	1778539	+
bioB	Rv1589	1790283	1791333	+
nadA	Rv1594	1794755	1795805	+
nadB	Rv1595	1795804	1797388	+
nadC	Rv1596	1797387	1798245	+
hisD	Rv1599	1799582	1800899	+
hisC1	Rv1600	1800895	1802038	+
hisB	Rv1601	1802034	1802667	+
hisH	Rv1602	1802663	1803284	+
hisA	Rv1603	1803293	1804031	+
impA	Rv1604	1804038	1804851	+
hisF	Rv1605	1804852	1805656	+
hisI	Rv1606	1805652	1806000	+
chaA	Rv1607	1806180	1807263	+
bcpB	Rv1608c	1807297	1807762	-
trpE	Rv1609	1807902	1809453	+
trpC	Rv1611	1810239	1811058	+
trpB	Rv1612	1811126	1812359	+
trpA	Rv1613	1812358	1813171	+
lgt	Rv1614	1813170	1814577	+
pykA	Rv1617	1816188	1817607	+
tesB1	Rv1618	1817614	1818517	+
cydC	Rv1620c	1819962	1821693	-
cydD	Rv1621c	1821689	1823273	-
cydB	Rv1622c	1823359	1824400	-
cydA	Rv1623c	1824429	1825887	-
cya	Rv1625c	1826613	1827945	-
leuV	Rvnt20	1828014	1828088	-
polA	Rv1629	1830664	1833379	+
rpsA	Rv1630	1833541	1834987	+
coaE	Rv1631	1835012	1836236	+
uvrB	Rv1633	1837074	1839171	+
TB15.3	Rv1636	1842450	1842891	+
uvrA	Rv1638	1843740	1846659	+
lysX	Rv1640c	1848516	1852035	-
infC	Rv1641	1852272	1852878	+
rpmI	Rv1642	1852927	1853122	+
rplT	Rv1643	1853183	1853573	+
tsnR	Rv1644	1853605	1854388	+
PE17	Rv1646	1855763	1856696	+
pheS	Rv1649	1858732	1859758	+
pheT	Rv1650	1859757	1862253	+
PE_PGRS30	Rv1651c	1862346	1865382	-
argC	Rv1652	1865575	1866634	+
argJ	Rv1653	1866630	1867845	+
argB	Rv1654	1867841	1868726	+
argD	Rv1655	1868722	1869925	+
argF	Rv1656	1869921	1870845	+
argR	Rv1657	1870841	1871354	+
argG	Rv1658	1871362	1872559	+
argH	Rv1659	1872638	1874051	+
pks10	Rv1660	1874159	1875221	+
pks7	Rv1661	1875303	1881684	+
pks8	Rv1662	1881703	1886512	+
pks17	Rv1663	1886511	1888020	+
pks9	Rv1664	1888025	1891079	+
pks11	Rv1665	1891225	1892287	+
cyp139	Rv1666c	1892269	1893562	-
Rv1667c	Rv1667c	1893577	1894230	0
cmr	Rv1675c	1900240	1900975	-
dsbF	Rv1677	1901747	1902296	+
fadE16	Rv1679	1903298	1904420	+
moeX	Rv1681	1905249	1906242	+
mpg	Rv1688	1912978	1913590	+
tyrS	Rv1689	1913601	1914876	+
G2	RVnc0010	1914961	1915190	-
lprJ	Rv1690	1915526	1915910	+
tlyA	Rv1694	1917939	1918746	+
ppnK	Rv1695	1918745	1919669	+
recN	Rv1696	1919682	1921446	+
mctB	Rv1698	1922744	1923689	+
pyrG	Rv1699	1923828	1925589	+
cycA	Rv1704c	1929785	1931456	-
PPE22	Rv1705c	1931496	1932654	-
PPE23	Rv1706c	1932693	1933878	-
scpA	Rv1709	1937312	1938149	+
scpB	Rv1710	1938145	1938841	+
cmk	Rv1712	1939598	1940291	+
engA	Rv1713	1940287	1941679	+
fadB3	Rv1715	1942658	1943573	+
proT	Rvnt21	1946612	1946686	+
vapC12	Rv1720c	1947029	1947419	-
vapB12	Rv1721c	1947415	1947643	-
AS1726	RVnc0047	1952290	1952503	-
gabD2	Rv1731	1957676	1959233	+
MTS1338	RVnc0036	1960666	1960783	+
narX	Rv1736c	1962227	1964186	-
narK2	Rv1737c	1964182	1965370	-
vapB34	Rv1740	1967704	1967917	+
vapC34	Rv1741	1967916	1968165	+
pknE	Rv1743	1969003	1970704	+
idi	Rv1745c	1971379	1971991	-
pknF	Rv1746	1972137	1973568	+
fadD1	Rv1750c	1977968	1979567	-
PPE24	Rv1753c	1981613	1984775	-
cut1	Rv1758	1989041	1989566	+
wag22	Rv1759c	1989832	1992577	-
PE_PGRS31	Rv1768	2000613	2002470	+
cyp144	Rv1777	2010655	2011960	+
malQ	Rv1781c	2015301	2017476	-
eccB5	Rv1782	2017739	2019260	+
eccC5	Rv1783	2019256	2023432	+
cyp143	Rv1785c	2023446	2024628	-
PPE25	Rv1787	2025300	2026398	+
PE18	Rv1788	2026476	2026776	+
PPE26	Rv1789	2026789	2027971	+
PPE27	Rv1790	2028424	2029477	+
PE19	Rv1791	2029903	2030203	+
esxM	Rv1792	2030346	2030643	+
esxN	Rv1793	2030693	2030978	+
eccD5	Rv1795	2032239	2033751	+
mycP5	Rv1796	2033728	2035486	+
eccE5	Rv1797	2035482	2036703	+
eccA5	Rv1798	2036699	2038532	+
lppT	Rv1799	2039158	2039350	+
PPE28	Rv1800	2039452	2041420	+
PPE29	Rv1801	2042000	2043272	+
PPE30	Rv1802	2043383	2044775	+
PE_PGRS32	Rv1803c	2044922	2046842	-
PE20	Rv1806	2048071	2048371	+
PPE32	Rv1808	2049920	2051150	+
PPE33	Rv1809	2051281	2052688	+
mgtC	Rv1811	2053442	2054147	+
erg3	Rv1814	2056520	2057423	+
PE_PGRS33	Rv1818c	2061177	2062674	-
bacA	Rv1819c	2062808	2064728	-
ilvG	Rv1820	2064798	2066442	+
secA2	Rv1821	2066456	2068883	+
pgsA2	Rv1822	2069079	2069709	+
gcvH	Rv1826	2071951	2072356	+
garA	Rv1827	2072595	2073084	+
gcvB	Rv1832	2075876	2078702	+
lipZ	Rv1834	2079829	2080696	+
glcB	Rv1837c	2084755	2086981	-
vapC13	Rv1838c	2087256	2087652	-
vapB13	Rv1839c	2087648	2087912	-
PE_PGRS34	Rv1840c	2087970	2089518	-
guaB1	Rv1843c	2092258	2093698	-
gnd1	Rv1844c	2093730	2095188	-
blaR	Rv1845c	2095217	2096168	-
blaI	Rv1846c	2096182	2096599	-
ureA	Rv1848	2097347	2097650	+
ureB	Rv1849	2097646	2097961	+
ureC	Rv1850	2097960	2099694	+
ureF	Rv1851	2099693	2100329	+
ureG	Rv1852	2100339	2101014	+
ureD	Rv1853	2101021	2101648	+
ndh	Rv1854c	2101650	2103042	-
modA	Rv1857	2104984	2105770	+
modB	Rv1858	2105772	2106567	+
modC	Rv1859	2106573	2107683	+
apa	Rv1860	2107735	2108713	+
adhA	Rv1862	2109543	2110584	+
lldD2	Rv1872c	2121906	2123151	-
bfrA	Rv1876	2125339	2125819	+
glnA3	Rv1878	2128021	2129374	+
cyp140	Rv1880c	2130540	2131857	-
lppE	Rv1881c	2131906	2132329	-
rpfC	Rv1884c	2133730	2134261	-
fbpB	Rv1886c	2134889	2135867	-
AS1890	RVnc0001	2139418	2139656	+
lppD	Rv1899c	2145213	2146245	-
lipJ	Rv1900c	2146244	2147633	-
cinA	Rv1901	2147661	2148954	+
nanT	Rv1902c	2149005	2150274	-
aao	Rv1905c	2151432	2152395	-
katG	Rv1908c	2153888	2156111	-
furA	Rv1909c	2156148	2156592	-
lppC	Rv1911c	2157381	2157987	-
fadB5	Rv1912c	2158086	2159091	-
aceAa	Rv1915	2160462	2161566	+
aceAb	Rv1916	2161565	2162762	+
PPE34	Rv1917c	2162931	2167311	-
PPE35	Rv1918c	2167648	2170612	-
lppF	Rv1921c	2172523	2173795	-
lipD	Rv1923	2175172	2176513	+
fadD31	Rv1925	2177086	2178949	+
mpt63	Rv1926c	2178956	2179436	-
tpx	Rv1932	2183371	2183869	+
fadE18	Rv1933c	2183865	2184957	-
fadE17	Rv1934c	2184958	2186188	-
echA13	Rv1935c	2186202	2187159	-
ephB	Rv1938	2191026	2192097	+
ribA1	Rv1940	2192605	2193667	+
mazF5	Rv1942c	2194643	2194973	-
mazE5	Rv1943c	2194969	2195347	-
lppG	Rv1946c	2197507	2197960	-
vapB14	Rv1952	2200725	2200941	+
vapC14	Rv1953	2200937	2201249	+
higB	Rv1955	2201718	2202096	+
higA	Rv1956	2202137	2202587	+
parE1	Rv1959c	2203680	2203977	-
parD1	Rv1960c	2203973	2204225	-
vapC35	Rv1962c	2204865	2205273	-
vapB35	Rv1962A	2205276	2205549	-
mce3R	Rv1963c	2205581	2206802	-
yrbE3A	Rv1964	2207699	2208497	+
yrbE3B	Rv1965	2208506	2209322	+
mce3A	Rv1966	2209326	2210604	+
mce3B	Rv1967	2210600	2211629	+
mce3C	Rv1968	2211625	2212858	+
mce3D	Rv1969	2212854	2214126	+
lprM	Rv1970	2214122	2215256	+
mce3F	Rv1971	2215256	2216570	+
mpt64	Rv1980c	2223342	2224029	-
nrdF1	Rv1981c	2224219	2225188	-
vapC36	Rv1982c	2225412	2225832	-
vapB36	Rv1982A	2225840	2226101	-
PE_PGRS35	Rv1983	2226243	2227920	+
cfp21	Rv1984c	2227907	2228561	-
erm(37)	Rv1988	2231679	2232219	+
mazF6	Rv1991c	2234304	2234649	-
mazE6	Rv1991A	2234642	2234891	-
ctpG	Rv1992c	2234990	2237306	-
cmtR	Rv1994c	2237627	2237984	-
ctpF	Rv1997	2240158	2242876	+
fabG3	Rv2002	2247659	2248442	+
otsB1	Rv2006	2252001	2255985	+
fdxA	Rv2007c	2256083	2256428	-
vapB15	Rv2009	2258029	2258272	+
vapC15	Rv2010	2258272	2258671	+
dosT	Rv2027c	2272786	2274508	-
pfkB	Rv2029c	2275404	2276424	-
hspX	Rv2031c	2278497	2278932	-
acg	Rv2032	2279128	2280124	+
pncA	Rv2043c	2288680	2289241	-
lipT	Rv2045c	2289684	2291220	-
lppI	Rv2046	2291268	2291925	+
pks12	Rv2048c	2294530	2306986	-
ASpks	RVnc0003	2299744	2299886	+
ppm1	Rv2051c	2308130	2310755	-
fxsA	Rv2053c	2312521	2313049	-
rpsR2	Rv2055c	2314086	2314353	-
rpsN2	Rv2056c	2314353	2314659	-
rpmG1	Rv2057c	2314660	2314825	-
rpmB2	Rv2058c	2314824	2315061	-
cobN	Rv2062c	2317168	2320753	-
mazE7	Rv2063	2320830	2321064	+
mazF7	Rv2063A	2321056	2321467	+
cobG	Rv2064	2321450	2322542	+
cobH	Rv2065	2322551	2323178	+
cobIJ	Rv2066	2323174	2324701	+
blaC	Rv2068c	2325885	2326809	-
sigC	Rv2069	2326943	2327501	+
cobK	Rv2070c	2327490	2328225	-
cobM	Rv2071c	2328221	2328977	-
cobL	Rv2072c	2328973	2330146	-
lppJ	Rv2080	2337305	2337869	+
pknJ	Rv2088	2344410	2346180	+
pepE	Rv2089c	2346196	2347324	-
helY	Rv2092c	2349333	2352054	-
tatC	Rv2093c	2352102	2353029	-
tatA	Rv2094c	2353045	2353297	-
pafC	Rv2095c	2353364	2354315	-
pafB	Rv2096c	2354311	2355310	-
pafA	Rv2097c	2355318	2356677	-
PE_PGRS36	Rv2098c	2356728	2358033	-
PE21	Rv2099c	2358032	2358206	-
helZ	Rv2101	2360239	2363281	+
vapC37	Rv2103c	2364085	2364520	-
vapB37	Rv2104c	2364526	2364781	-
PE22	Rv2107	2367358	2367655	+
PPE36	Rv2108	2367710	2368442	+
prcA	Rv2109c	2368982	2369729	-
prcB	Rv2110c	2369725	2370601	-
pup	Rv2111c	2370597	2370792	-
dop	Rv2112c	2370904	2372569	-
mpa	Rv2115c	2374460	2376290	-
lppK	Rv2116	2376570	2377140	+
hisG	Rv2121c	2379805	2380660	-
hisE	Rv2122c	2380662	2380944	-
PPE37	Rv2123	2381070	2382492	+
metH	Rv2124c	2382488	2386067	-
PE_PGRS37	Rv2126c	2387201	2387972	-
ansP1	Rv2127	2388615	2390085	+
mshC	Rv2130c	2391214	2392459	-
cysQ	Rv2131c	2392516	2393320	-
lppL	Rv2138	2397329	2398406	+
pyrD	Rv2139	2398719	2399793	+
TB18.6	Rv2140c	2399797	2400328	-
leuU	Rvnt22	2401986	2402072	+
parE2	Rv2142c	2402192	2402510	-
parD2	Rv2142A	2402506	2402722	-
wag31	Rv2145c	2404615	2405398	-
yfiH	Rv2149c	2407621	2408374	-
ftsZ	Rv2150c	2408384	2409524	-
ftsQ	Rv2151c	2409696	2410641	-
murC	Rv2152c	2410637	2412122	-
murG	Rv2153c	2412118	2413351	-
ftsW	Rv2154c	2413347	2414922	-
murD	Rv2155c	2414933	2416394	-
murX	Rv2156c	2416395	2417475	-
murF	Rv2157c	2417471	2419004	-
murE	Rv2158c	2419000	2420608	-
PE_PGRS38	Rv2162c	2423239	2424838	-
pbpB	Rv2163c	2425047	2427087	-
lppM	Rv2171	2432950	2433634	+
idsA2	Rv2173	2434846	2435905	+
mptA	Rv2174	2435908	2437459	+
pknL	Rv2176	2437940	2439140	+
aroG	Rv2178c	2440331	2441720	-
TB16.3	Rv2185c	2447065	2447500	-
fadD15	Rv2187	2448159	2449962	+
pimB	Rv2188c	2449992	2451150	-
trpD	Rv2192c	2455630	2456743	-
ctaE	Rv2193	2456900	2457512	+
qcrC	Rv2194	2457552	2458395	+
qcrA	Rv2195	2458391	2459681	+
qcrB	Rv2196	2459677	2461327	+
mmpS3	Rv2198c	2462147	2463047	-
ctaC	Rv2200c	2463659	2464751	-
asnB	Rv2201	2464996	2466955	+
adoK	Rv2202c	2467052	2468027	-
cobT	Rv2207	2471410	2472496	+
cobS	Rv2208	2472492	2473242	+
ilvE	Rv2210c	2474863	2475970	-
gcvT	Rv2211c	2476041	2477181	-
pepB	Rv2213	2478337	2479885	+
ephD	Rv2214c	2479922	2481701	-
dlaT	Rv2215	2481964	2483626	+
lipB	Rv2217	2484583	2485276	+
lipA	Rv2218	2485272	2486208	+
glnA1	Rv2220	2487614	2489051	+
glnE	Rv2221c	2489368	2492353	-
glnA2	Rv2222c	2492401	2493742	-
caeA	Rv2224c	2495460	2497023	-
panB	Rv2225	2497741	2498587	+
rnpB	Rvns01	2500444	2500751	-
cobC	Rv2231c	2504604	2505699	-
vapC16	Rv2231A	2505735	2506161	-
vapB16	Rv2231B	2506206	2506383	-
ptkA	Rv2232	2506277	2507153	+
ptpA	Rv2234	2507145	2507637	+
cobD	Rv2236c	2508433	2509375	-
valV	Rvnt23	2510597	2510669	-
ahpE	Rv2238c	2510714	2511176	-
aceE	Rv2241	2512538	2515244	+
fabD	Rv2243	2516786	2517695	+
mcr16	RVnc0018	2517031	2517134	-
acpM	Rv2244	2517770	2518118	+
kasA	Rv2245	2518114	2519365	+
kasB	Rv2246	2519395	2520712	+
accD6	Rv2247	2520742	2522164	+
glpD1	Rv2249c	2523240	2524791	-
mscR	Rv2259	2532244	2533330	+
cyp124	Rv2266	2540103	2541390	+
cyp128	Rv2268c	2542806	2544276	-
lppN	Rv2270	2544697	2545225	+
mazF8	Rv2274c	2546487	2546805	-
mazE8	Rv2274A	2546838	2547087	-
cyp121	Rv2276	2547748	2548939	+
pitB	Rv2281	2553172	2554831	+
lipM	Rv2284	2556144	2557440	+
yjcE	Rv2287	2559702	2561331	+
cdh	Rv2289	2561674	2562457	+
lppO	Rv2290	2562598	2563114	+
sseB	Rv2291	2563173	2564028	+
htpG	Rv2299c	2570058	2572002	-
cut2	Rv2301	2573014	2573707	+
metV	Rvnt24	2581763	2581837	-
uspA	Rv2316	2588837	2589710	+
uspB	Rv2317	2589696	2590521	+
uspC	Rv2318	2590517	2591840	+
rocE	Rv2320c	2592722	2594153	-
PE23	Rv2328	2600730	2601879	+
narK1	Rv2329c	2601913	2603461	-
lppP	Rv2330c	2603694	2604222	-
mez	Rv2332	2605107	2606754	+
stp	Rv2333c	2606707	2608321	-
cysK1	Rv2334	2608795	2609728	+
cysE	Rv2335	2609731	2610421	+
moeW	Rv2338c	2613106	2614063	-
mmpL9	Rv2339	2614692	2617581	+
PE_PGRS39	Rv2340c	2617666	2618908	-
asnT	Rvnt25	2619406	2619479	-
lppQ	Rv2341	2619596	2620016	+
dnaG	Rv2343c	2620532	2622452	-
dgt	Rv2344c	2622456	2623752	-
esxO	Rv2346c	2625887	2626172	-
esxP	Rv2347c	2626222	2626519	-
plcC	Rv2349c	2627171	2628698	-
plcB	Rv2350c	2628780	2630319	-
plcA	Rv2351c	2630536	2632075	-
PPE38	Rv2352c	2632922	2634098	-
PPE39	Rv2353c	2634527	2635592	-
glyS	Rv2357c	2639672	2641064	-
smtB	Rv2358	2641245	2641653	+
zur	Rv2359	2641649	2642042	+
recO	Rv2362c	2643460	2644258	-
amiA2	Rv2363	2644319	2645774	+
era	Rv2364c	2645770	2646673	-
phoH1	Rv2368c	2648915	2649974	-
PE_PGRS40	Rv2371	2651752	2651938	+
dnaJ2	Rv2373c	2652838	2653987	-
hrcA	Rv2374c	2654061	2655093	-
cfp2	Rv2376c	2655608	2656115	-
mbtG	Rv2378c	2656407	2657703	-
mbtF	Rv2379c	2657699	2662085	-
mbtE	Rv2380c	2662066	2667115	-
mbtD	Rv2381c	2667254	2670269	-
mbtC	Rv2382c	2670268	2671603	-
mbtB	Rv2383c	2671592	2675837	-
mbtA	Rv2384	2675935	2677633	+
mbtJ	Rv2385	2677728	2678649	+
mbtI	Rv2386c	2678652	2680005	-
hemN	Rv2388c	2682014	2683142	-
rpfD	Rv2389c	2683247	2683712	-
sirA	Rv2391	2684678	2686370	+
cysH	Rv2392	2686366	2687131	+
che1	Rv2393	2687127	2687973	+
ggtB	Rv2394	2688009	2689941	+
mcr7	RVnc0024	2692171	2692521	+
aprA	Rv2395A	2692223	2692439	+
aprB	Rv2395B	2692550	2692715	+
PE_PGRS41	Rv2396	2692798	2693884	+
cysA1	Rv2397c	2693908	2694964	-
cysW	Rv2398c	2694980	2695799	-
cysT	Rv2399c	2695795	2696647	-
subI	Rv2400c	2696643	2697714	-
lppR	Rv2403c	2700534	2701290	-
lepA	Rv2404c	2701286	2703248	-
PE24	Rv2408	2705761	2706736	+
rpsT	Rv2412	2710074	2710335	+
eis	Rv2416c	2714123	2715332	-
gpgP	Rv2419c	2717127	2717799	-
nadD	Rv2421c	2718172	2718808	-
proA	Rv2427c	2724229	2725477	-
oxyR'	Rv2427A	2725570	2726087	-
ahpC	Rv2428	2726192	2726780	+
ahpD	Rv2429	2726805	2727339	+
PPE41	Rv2430c	2727335	2727920	-
PE25	Rv2431c	2727966	2728266	-
rbsK	Rv2436	2733229	2734144	+
nadE	Rv2438c	2734791	2736831	-
proB	Rv2439c	2737116	2738247	-
obg	Rv2440c	2738246	2739686	-
rpmA	Rv2441c	2739771	2740032	-
rplU	Rv2442c	2740046	2740361	-
dctA	Rv2443	2740708	2742184	+
rne	Rv2444c	2742122	2744984	-
ndkA	Rv2445c	2745313	2745724	-
folC	Rv2447c	2746134	2747598	-
valS	Rv2448c	2747594	2750225	-
rpfE	Rv2450c	2751661	2752180	-
mobA	Rv2453c	2753017	2753623	-
clpX	Rv2457c	2758207	2759488	-
mmuM	Rv2458	2759778	2760687	+
clpP2	Rv2460c	2762530	2763175	-
clpP1	Rv2461c	2763171	2763774	-
tig	Rv2462c	2763890	2765291	-
proU	Rvnt26	2765330	2765404	-
glyV	Rvnt27	2765540	2765611	+
lipP	Rv2463	2765654	2766839	+
rpiB	Rv2465c	2767670	2768159	-
pepN	Rv2467	2768985	2771571	+
glbO	Rv2470	2773177	2773564	+
aglA	Rv2471	2773563	2775204	+
gdh	Rv2476c	2777387	2782262	-
plsB2	Rv2482c	2786913	2789283	-
plsC	Rv2483c	2789279	2791022	-
lipQ	Rv2485c	2792722	2793988	-
argW	Rvnt28	2794175	2794249	+
echA14	Rv2486	2794349	2795120	+
PE_PGRS42	Rv2487c	2795300	2797385	-
PE_PGRS43	Rv2490c	2801253	2806236	-
vapB38	Rv2493	2808082	2808304	+
vapC38	Rv2494	2808309	2808735	+
bkdC	Rv2495c	2808757	2809939	-
bkdB	Rv2496c	2809935	2810982	-
bkdA	Rv2497c	2810992	2812096	-
citE	Rv2498c	2812354	2813176	-
fadE19	Rv2500c	2813726	2814911	-
accA1	Rv2501c	2814915	2816880	-
accD1	Rv2502c	2816884	2818474	-
scoB	Rv2503c	2818470	2819127	-
scoA	Rv2504c	2819123	2819870	-
fadD35	Rv2505c	2819952	2821596	-
orn	Rv2511	2827156	2827804	+
hisT	Rvnt29	2827853	2827926	+
ldtB	Rv2518c	2834108	2835335	-
lysU	Rvnt30	2835493	2835566	+
PE26	Rv2519	2835784	2837263	+
bcp	Rv2521	2837683	2838157	+
acpS	Rv2523c	2839537	2839930	-
fas	Rv2524c	2840122	2849332	-
vapB17	Rv2526	2851090	2851318	+
vapC17	Rv2527	2851314	2851716	+
mrr	Rv2528c	2851750	2852671	-
vapC39	Rv2530c	2854266	2854686	-
vapB39	Rv2530A	2854682	2854907	-
nusB	Rv2533c	2858253	2858724	-
efp	Rv2534c	2858726	2859290	-
pepQ	Rv2535c	2859299	2860418	-
aroD	Rv2537c	2861147	2861591	-
aroB	Rv2538c	2861587	2862676	-
aroK	Rv2539c	2862672	2863203	-
aroF	Rv2540c	2863206	2864412	-
lppA	Rv2543	2866467	2867127	+
lppB	Rv2544	2867123	2867786	+
vapB18	Rv2545	2867782	2868061	+
vapC18	Rv2546	2868153	2868567	+
vapB19	Rv2547	2868605	2868863	+
vapC19	Rv2548	2868859	2869237	+
vapC20	Rv2549c	2869726	2870122	-
vapB20	Rv2550c	2870118	2870364	-
aroE	Rv2552c	2871205	2872015	-
alaS	Rv2555c	2873770	2876485	-
glnQ	Rv2564	2883341	2884334	+
aspS	Rv2572c	2896012	2897803	-
dhaA	Rv2579	2903638	2904541	+
hisS	Rv2580c	2904820	2906092	-
ppiB	Rv2582	2906813	2907740	+
relA	Rv2583c	2907825	2910198	-
apt	Rv2584c	2910228	2910900	-
secF	Rv2586c	2912682	2914011	-
secD	Rv2587c	2914014	2915736	-
yajC	Rv2588c	2915845	2916193	-
gabT	Rv2589	2916359	2917709	+
fadD9	Rv2590	2917870	2921377	+
PE_PGRS44	Rv2591	2921550	2923182	+
ruvB	Rv2592c	2923198	2924233	-
ruvA	Rv2593c	2924229	2924820	-
ruvC	Rv2594c	2924816	2925383	-
vapB40	Rv2595	2925491	2925737	+
vapC40	Rv2596	2925733	2926138	+
speE	Rv2601	2928387	2929959	+
vapB41	Rv2601A	2930069	2930357	+
vapC41	Rv2602	2930343	2930784	+
snoP	Rv2604c	2931692	2932289	-
tesB2	Rv2605c	2932296	2933142	-
snzP	Rv2606c	2933170	2934070	-
pdxH	Rv2607	2934197	2934872	+
PPE42	Rv2608	2935045	2936788	+
pimA	Rv2610c	2937864	2939001	-
pgsA1	Rv2612c	2939958	2940612	-
thrS	Rv2614c	2941188	2943267	-
PE_PGRS45	Rv2615c	2943599	2944985	-
TB31.7	Rv2623	2949592	2950486	+
hrp1	Rv2626c	2952561	2952993	-
PE_PGRS46	Rv2634c	2960104	2962441	-
dedA	Rv2637	2963585	2964242	+
cadI	Rv2641	2965938	2966397	+
arsC	Rv2643	2966909	2968406	+
valT	Rvnt31	2969496	2969568	-
glyT	Rvnt32	2969752	2969825	+
cysU	Rvnt33	2969854	2969925	+
valU	Rvnt34	2969941	2970013	+
clpC2	Rv2667	2983895	2984654	+
ribD	Rv2671	2986838	2987615	+
aftC	Rv2673	2989290	2990592	+
msrB	Rv2674	2990705	2991116	+
hemY	Rv2677c	2992633	2993992	-
hemE	Rv2678c	2993988	2995062	-
echA15	Rv2679	2995114	2995945	+
dxs1	Rv2682c	2998051	2999968	-
arsA	Rv2684	3000613	3001903	+
arsB1	Rv2685	3001982	3003269	+
ceoB	Rv2691	3009343	3010027	+
ceoC	Rv2692	3010023	3010686	+
dut	Rv2697c	3013682	3014147	-
suhB	Rv2701c	3015862	3016735	-
ppgK	Rv2702	3016857	3017655	+
sigA	Rv2703	3017834	3019421	+
sigB	Rv2710	3022460	3023432	+
ideR	Rv2711	3023564	3024257	+
sthA	Rv2713	3025440	3026847	+
nrdR	Rv2718c	3030412	3030877	-
lexA	Rv2720	3031787	3032498	+
fadE20	Rv2724c	3036130	3037291	-
hflX	Rv2725c	3037426	3038914	-
dapF	Rv2726c	3038930	3039800	-
miaA	Rv2727c	3039824	3040769	-
recX	Rv2736c	3048561	3049086	-
recA	Rv2737c	3049051	3051424	-
ephG	Rv2740	3053232	3053682	+
PE_PGRS47	Rv2741	3053913	3055491	+
35kd_ag	Rv2744c	3057250	3058063	-
clgR	Rv2745c	3058192	3058531	-
pgsA3	Rv2746c	3058601	3059231	-
argA	Rv2747	3059261	3059786	+
ftsK	Rv2748c	3059854	3062506	-
dapA	Rv2753c	3066221	3067124	-
thyX	Rv2754c	3067192	3067945	-
hsdM	Rv2756c	3068460	3070083	-
vapC21	Rv2757c	3070169	3070586	-
vapB21	Rv2758c	3070582	3070849	-
vapC42	Rv2759c	3070874	3071270	-
vapB42	Rv2760c	3071266	3071536	-
hsdS	Rv2761c	3071545	3072640	-
dfrA	Rv2763c	3073129	3073609	-
thyA	Rv2764c	3073679	3074471	-
PPE43	Rv2768c	3076893	3078078	-
PE27	Rv2769c	3078157	3078985	-
PPE44	Rv2770c	3079308	3080457	-
dapB	Rv2773c	3081603	3082341	-
ald	Rv2780	3086819	3087935	+
pepR	Rv2782c	3089044	3090361	-
gpsI	Rv2783c	3090338	3092597	-
lppU	Rv2784c	3092950	3093466	-
rpsO	Rv2785c	3093478	3093748	-
ribF	Rv2786c	3093904	3094900	-
sirR	Rv2788	3096958	3097645	+
fadE21	Rv2789c	3097705	3098938	-
ltp1	Rv2790c	3098963	3100169	-
truB	Rv2793c	3102363	3103260	-
pptT	Rv2794c	3103256	3103940	-
lppV	Rv2796c	3105055	3105619	-
mazF9	Rv2801c	3110166	3110523	-
mazE9	Rv2801A	3110506	3110737	-
vapC22	Rv2829c	3136619	3137012	-
vapB22	Rv2830c	3137008	3137224	-
echA16	Rv2831	3137270	3138020	+
ugpC	Rv2832c	3138098	3139181	-
ugpB	Rv2833c	3139173	3140484	-
ugpE	Rv2834c	3140486	3141314	-
ugpA	Rv2835c	3141310	3142222	-
dinF	Rv2836c	3142308	3143628	-
rbfA	Rv2838c	3144619	3145171	-
infB	Rv2839c	3145170	3147873	-
nusA	Rv2841c	3148384	3149428	-
proS	Rv2845c	3151201	3152950	-
efpA	Rv2846c	3153038	3154631	-
cysG	Rv2847c	3154653	3155871	-
cobB	Rv2848c	3156147	3157521	-
cobO	Rv2849c	3157520	3158144	-
mqo	Rv2852c	3160579	3162061	-
PE_PGRS48	Rv2853	3162267	3164115	+
mtr	Rv2855	3165204	3166584	+
nicT	Rv2856	3166683	3167802	+
aldC	Rv2858c	3169355	3170723	-
glnA4	Rv2860c	3171626	3173000	-
mapB	Rv2861c	3173159	3174017	-
vapB23	Rv2862A	3174746	3174995	+
vapC23	Rv2863	3174991	3175372	+
relF	Rv2865	3177536	3177818	+
relG	Rv2866	3177821	3178085	+
gcpE	Rv2868c	3179367	3180531	-
rip	Rv2869c	3180547	3181762	-
dxr	Rv2870c	3181769	3183011	-
vapB43	Rv2871	3183137	3183395	+
vapC43	Rv2872	3183381	3183825	+
mpt83	Rv2873	3183904	3184567	+
dipZ	Rv2874	3184846	3186934	+
mpt70	Rv2875	3187029	3187611	+
mpt53	Rv2878c	3188875	3189397	-
cdsA	Rv2881c	3190700	3191621	-
frr	Rv2882c	3191643	3192201	-
pyrH	Rv2883c	3192372	3193158	-
amiC	Rv2888c	3196863	3198285	-
tsf	Rv2889c	3198291	3199107	-
rpsB	Rv2890c	3199118	3199982	-
PPE45	Rv2892c	3200793	3202020	-
xerC	Rv2894c	3203393	3204290	-
viuB	Rv2895c	3204380	3205232	-
fdhD	Rv2899c	3208575	3209406	-
fdhF	Rv2900c	3209405	3211745	-
rnhB	Rv2902c	3212161	3212956	-
lepB	Rv2903c	3212969	3213854	-
rplS	Rv2904c	3213911	3214253	-
lppW	Rv2905	3214627	3215572	+
trmD	Rv2906c	3215664	3216357	-
rimM	Rv2907c	3216360	3216891	-
rpsP	Rv2909c	3217154	3217643	-
dacB2	Rv2911	3218338	3219214	+
pknI	Rv2914c	3221766	3223524	-
ffh	Rv2916c	3224707	3226285	-
glnD	Rv2918c	3228253	3230680	-
glnB	Rv2919c	3230737	3231076	-
amt	Rv2920c	3231072	3232506	-
ftsY	Rv2921c	3232870	3234139	-
smc	Rv2922c	3234188	3237806	-
acyP	Rv2922A	3237817	3238099	-
fpg	Rv2924c	3238600	3239470	-
rnc	Rv2925c	3239828	3240551	-
tesA	Rv2928	3242197	3242983	+
fadD26	Rv2930	3243696	3245448	+
ppsA	Rv2931	3245444	3251075	+
ppsB	Rv2932	3251071	3255688	+
ppsC	Rv2933	3255684	3262251	+
ppsD	Rv2934	3262247	3267731	+
ppsE	Rv2935	3267736	3272203	+
drrA	Rv2936	3272213	3273209	+
drrB	Rv2937	3273205	3274075	+
drrC	Rv2938	3274071	3274902	+
papA5	Rv2939	3274948	3276217	+
mas	Rv2940c	3276379	3282715	-
fadD28	Rv2941	3283334	3285077	+
mmpL7	Rv2942	3285069	3287832	+
lppX	Rv2945c	3290623	3291325	-
pks1	Rv2946c	3291502	3296353	-
pks15	Rv2947c	3296349	3297840	-
fadD22	Rv2948c	3297836	3299954	-
fadD29	Rv2950c	3300595	3302455	-
purU	Rv2964	3316528	3317461	+
kdtB	Rv2965c	3318329	3318815	-
pca	Rv2967c	3319662	3323046	-
lipN	Rv2970c	3324572	3325703	-
recG	Rv2973c	3327732	3329946	-
ung	Rv2976c	3332070	3332754	-
thiL	Rv2977c	3332786	3333788	-
ddlA	Rv2981c	3336795	3337917	-
gpdA2	Rv2982c	3337994	3338999	-
ppk1	Rv2984	3339853	3342082	+
mutT1	Rv2985	3342164	3343118	+
hupB	Rv2986c	3343175	3343820	-
leuD	Rv2987c	3344032	3344629	-
leuC	Rv2988c	3344653	3346075	-
gluU	Rvnt35	3348546	3348619	-
glnU	Rvnt36	3348658	3348730	-
gltS	Rv2992c	3348804	3350277	-
leuB	Rv2995c	3352457	3353468	-
serA1	Rv2996c	3353482	3355069	-
lppY	Rv2999	3357601	3358567	+
ilvC	Rv3001c	3359584	3360586	-
ilvN	Rv3002c	3360623	3361130	-
ilvB1	Rv3003c	3361129	3362986	-
cfp6	Rv3004	3363347	3363686	+
lppZ	Rv3006	3364708	3365830	+
gatB	Rv3009c	3367263	3368793	-
pfkA	Rv3010c	3368822	3369854	-
gatA	Rv3011c	3369949	3371434	-
gatC	Rv3012c	3371430	3371730	-
ligA	Rv3014c	3372544	3374620	-
lpqA	Rv3016	3375757	3376387	+
esxQ	Rv3017c	3376489	3376852	-
PPE46	Rv3018c	3376938	3378243	-
esxR	Rv3019c	3378710	3379001	-
esxS	Rv3020c	3379035	3379329	-
PPE47	Rv3021c	3379375	3380452	-
PPE48	Rv3022c	3380439	3380682	-
PE29	Rv3022A	3380678	3380993	-
trmU	Rv3024c	3382784	3383888	-
iscS	Rv3025c	3383884	3385066	-
fixB	Rv3028c	3387074	3388031	-
fixA	Rv3029c	3388069	3388870	-
TB22.2	Rv3036c	3396457	3397141	-
echA17	Rv3039c	3399418	3400183	-
serB2	Rv3042c	3401932	3403162	-
ctaD	Rv3043c	3403199	3404921	-
fecB	Rv3044	3405135	3406215	+
adhC	Rv3045	3406284	3407325	+
nrdF2	Rv3048c	3408403	3409378	-
nrdE	Rv3051c	3412084	3414166	-
nrdI	Rv3052c	3414231	3414684	-
nrdH	Rv3053c	3414718	3414958	-
dinP	Rv3056	3416704	3417745	+
cyp136	Rv3059	3419491	3420970	+
fadE22	Rv3061c	3423261	3425427	-
ligB	Rv3062	3425583	3427107	+
cstA	Rv3063	3427242	3429519	+
mmr	Rv3065	3430386	3430710	+
alaU	Rvnt37	3431839	3431912	-
pgmA	Rv3068c	3431978	3433622	-
hab	Rv3078	3441352	3441754	+
pknK	Rv3080c	3442655	3445988	-
virS	Rv3082c	3447403	3448426	-
lipR	Rv3084	3449996	3450923	+
adhD	Rv3086	3451780	3452887	+
tgs4	Rv3088	3454339	3455764	+
fadD13	Rv3089	3455760	3457272	+
lipY	Rv3097c	3465777	3467091	-
ssr	RVnc0046	3467966	3468334	-
smpB	Rv3100c	3469300	3469783	-
ftsX	Rv3101c	3469785	3470679	-
ftsE	Rv3102c	3470679	3471369	-
prfB	Rv3105c	3472767	3473904	-
fprA	Rv3106	3474006	3475377	+
agpS	Rv3107c	3475377	3476961	-
moaA1	Rv3109	3477648	3478728	+
moaB1	Rv3110	3478778	3479174	+
moaC1	Rv3111	3479170	3479683	+
moaD1	Rv3112	3479699	3479951	+
moeB2	Rv3116	3482775	3483945	+
cysA3	Rv3117	3483973	3484807	+
moaE1	Rv3119	3485131	3485575	+
cyp141	Rv3121	3486508	3487711	+
moaR1	Rv3124	3489505	3490375	+
PPE49	Rv3125c	3490475	3491651	-
tgs1	Rv3130c	3494974	3496366	-
devS	Rv3132c	3497528	3499265	-
devR	Rv3133c	3499261	3499915	-
PPE50	Rv3135	3501333	3501732	+
PPE51	Rv3136	3501793	3502936	+
pflA	Rv3138	3504194	3505283	+
fadE24	Rv3139	3505362	3506769	+
fadE23	Rv3140	3506789	3507995	+
fadB4	Rv3141	3508094	3509066	+
PPE52	Rv3144c	3510087	3511317	-
nuoA	Rv3145	3511681	3512068	+
nuoB	Rv3146	3512076	3512631	+
nuoC	Rv3147	3512627	3513338	+
nuoD	Rv3148	3513337	3514660	+
nuoE	Rv3149	3514656	3515415	+
nuoF	Rv3150	3515411	3516749	+
nuoG	Rv3151	3516745	3519166	+
nuoH	Rv3152	3519281	3520514	+
nuoI	Rv3153	3520506	3521142	+
nuoJ	Rv3154	3521138	3521927	+
nuoK	Rv3155	3521923	3522223	+
nuoL	Rv3156	3522233	3524135	+
nuoM	Rv3157	3524131	3525793	+
nuoN	Rv3158	3525789	3527385	+
PPE53	Rv3159c	3527390	3529163	-
moxR3	Rv3164c	3532942	3533905	-
aofH	Rv3170	3538504	3539851	+
hpx	Rv3171c	3539845	3540745	-
mesT	Rv3176c	3544343	3545300	-
metU	Rvnt38	3559369	3559443	-
whiB7	Rv3197A	3568400	3568679	-
uvrD2	Rv3198c	3569108	3571211	-
nudC	Rv3199c	3571601	3572543	-
lipV	Rv3203	3580637	3581312	+
moeB1	Rv3206c	3582531	3583710	-
TB9.4	Rv3208A	3585676	3585949	-
rhlE	Rv3211	3587797	3589381	+
gpm2	Rv3214	3591645	3592257	+
entC	Rv3215	3592253	3593372	+
whiB1	Rv3219	3595712	3595967	+
TB7.3	Rv3221c	3597550	3597766	-
rshA	Rv3221A	3598050	3598356	-
sigH	Rv3223c	3598900	3599551	-
aroA	Rv3227	3603376	3604729	+
desA3	Rv3229c	3605750	3607034	-
ppk2	Rv3232c	3608869	3609757	-
tgs3	Rv3234c	3610373	3611189	-
secA1	Rv3240c	3617681	3620531	-
lpqB	Rv3244c	3623158	3624910	-
mtrB	Rv3245c	3624909	3626613	-
mtrA	Rv3246c	3626662	3627349	-
tmk	Rv3247c	3627418	3628063	-
sahH	Rv3248c	3628159	3629647	-
rubB	Rv3250c	3630383	3630566	-
rubA	Rv3251c	3630570	3630738	-
alkB	Rv3252c	3630737	3631988	-
manA	Rv3255c	3635040	3636267	-
pmmA	Rv3257c	3637311	3638709	-
whiB2	Rv3260c	3639871	3640141	-
fbiA	Rv3261	3640542	3641538	+
fbiB	Rv3262	3641534	3642881	+
manB	Rv3264c	3644897	3645977	-
wbbL1	Rv3265c	3645978	3646884	-
rmlD	Rv3266c	3646894	3647809	-
ctpC	Rv3270	3650525	3652682	+
fadE25	Rv3274c	3656919	3658089	-
purE	Rv3275c	3658113	3658638	-
purK	Rv3276c	3658634	3659924	-
birA	Rv3279c	3661211	3662012	-
accD5	Rv3280	3662061	3663708	+
accE5	Rv3281	3663688	3664222	+
sseA	Rv3283	3664927	3665821	+
accA3	Rv3285	3666356	3668159	+
sigF	Rv3286c	3668168	3668954	-
rsbW	Rv3287c	3668950	3669388	-
usfY	Rv3288c	3669585	3669999	-
lat	Rv3290c	3670444	3671794	-
lrpA	Rv3291c	3671844	3672297	-
pcd	Rv3293	3673601	3675086	+
lhr	Rv3296	3676774	3681316	+
nei	Rv3297	3681319	3682087	+
lpqC	Rv3298c	3682109	3683024	-
atsB	Rv3299c	3683050	3685963	-
phoY1	Rv3301c	3686911	3687577	-
glpD2	Rv3302c	3687684	3689442	-
lpdA	Rv3303c	3689456	3690938	-
amiA1	Rv3305c	3691638	3692808	-
amiB1	Rv3306c	3692804	3693989	-
deoD	Rv3307	3694053	3694860	+
pmmB	Rv3308	3694863	3696468	+
upp	Rv3309c	3696469	3697093	-
sapM	Rv3310	3697197	3698097	+
add	Rv3313c	3701086	3702184	-
deoA	Rv3314c	3702183	3703467	-
cdd	Rv3315c	3703463	3703865	-
sdhC	Rv3316	3704101	3704440	+
sdhD	Rv3317	3704436	3704871	+
sdhA	Rv3318	3704999	3706772	+
sdhB	Rv3319	3706771	3707563	+
vapC44	Rv3320c	3707641	3708070	-
vapB44	Rv3321c	3708073	3708316	-
moaX	Rv3323c	3709048	3709714	-
moaC3	Rv3324c	3709714	3710248	-
sigJ	Rv3328c	3713393	3714332	-
dacB1	Rv3330	3715776	3716994	+
sugI	Rv3331	3717089	3718598	+
nagA	Rv3332	3718594	3719746	+
trpS	Rv3336c	3722620	3723631	-
icd1	Rv3339c	3724614	3725844	-
metC	Rv3340	3726126	3727476	+
metA	Rv3341	3727487	3728627	+
PPE54	Rv3343c	3729363	3736935	-
PE_PGRS49	Rv3344c	3736983	3738000	-
PE_PGRS50	Rv3345c	3738157	3742774	-
PPE55	Rv3347c	3743710	3753184	-
PPE56	Rv3350c	3755951	3767102	-
folD	Rv3356c	3769803	3770649	-
relJ	Rv3357	3770772	3771048	+
relK	Rv3358	3771044	3771302	+
spoU	Rv3366	3777736	3778201	+
PE_PGRS51	Rv3367	3778567	3780334	+
dnaE2	Rv3370c	3781500	3784740	-
otsB2	Rv3372	3786313	3787489	+
echA18	Rv3373	3787725	3788367	+
amiD	Rv3375	3788620	3790048	+
dxs2	Rv3379c	3793256	3794867	-
idsB	Rv3383c	3797436	3798489	-
vapC46	Rv3384c	3799242	3799635	-
vapB46	Rv3385c	3799634	3799943	-
PE_PGRS52	Rv3388	3801652	3803848	+
htdY	Rv3389c	3803918	3804791	-
lpqD	Rv3390	3804864	3805575	+
acrA1	Rv3391	3805620	3807573	+
cmaA1	Rv3392c	3807573	3808437	-
iunH	Rv3393	3808460	3809387	+
guaA	Rv3396c	3812500	3814078	-
phyA	Rv3397c	3814089	3814998	-
idsA1	Rv3398c	3815026	3816106	-
vapB47	Rv3407	3826251	3826551	+
vapC47	Rv3408	3826547	3826958	+
choD	Rv3409c	3826990	3828727	-
guaB3	Rv3410c	3828782	3829910	-
guaB2	Rv3411c	3829929	3831519	-
sigD	Rv3414c	3833037	3833676	-
whiB3	Rv3416	3834891	3835200	+
groEL1	Rv3417c	3835271	3836891	-
groES	Rv3418c	3836985	3837288	-
gcp	Rv3419c	3837554	3838589	-
rimI	Rv3420c	3838585	3839062	-
alr	Rv3423c	3840193	3841420	-
PPE57	Rv3425	3842238	3842769	+
PPE58	Rv3426	3843035	3843734	+
PPE59	Rv3429	3847164	3847701	+
gadB	Rv3432c	3850371	3851754	-
glmS	Rv3436c	3855014	3856889	-
mrsA	Rv3441c	3860023	3861370	-
rpsI	Rv3442c	3861494	3861950	-
rplM	Rv3443c	3861946	3862390	-
esxT	Rv3444c	3862623	3862926	-
esxU	Rv3445c	3862946	3863264	-
eccC4	Rv3447c	3864527	3868238	-
eccD4	Rv3448	3868351	3869755	+
mycP4	Rv3449	3869751	3871119	+
eccB4	Rv3450c	3871083	3872496	-
cut3	Rv3451	3872616	3873405	+
cut4	Rv3452	3873451	3874132	+
truA	Rv3455c	3876051	3876822	-
rplQ	Rv3456c	3876889	3877432	-
rpoA	Rv3457c	3877463	3878507	-
rpsD	Rv3458c	3878658	3879264	-
rpsK	Rv3459c	3879272	3879692	-
rpsM	Rv3460c	3879695	3880070	-
rpmJ	Rv3461c	3880285	3880399	-
infA	Rv3462c	3880431	3880653	-
rmlB	Rv3464	3881836	3882832	+
rmlC	Rv3465	3882833	3883442	+
mhpE	Rv3469c	3886072	3887083	-
ilvB2	Rv3470c	3887143	3888802	-
bpoA	Rv3473c	3889947	3890733	-
kgtP	Rv3476c	3892370	3893720	-
PE31	Rv3477	3894092	3894389	+
PPE60	Rv3478	3894425	3895607	+
lipF	Rv3487c	3906173	3907007	-
otsA	Rv3490	3908235	3909738	+
mce4F	Rv3494c	3911674	3913369	-
lprN	Rv3495c	3913379	3914534	-
mce4D	Rv3496c	3914530	3915886	-
mce4C	Rv3497c	3915882	3916956	-
mce4B	Rv3498c	3916945	3917998	-
mce4A	Rv3499c	3917997	3919200	-
yrbE4B	Rv3500c	3919219	3920062	-
yrbE4A	Rv3501c	3920096	3920861	-
fdxD	Rv3503c	3922064	3922256	-
fadE26	Rv3504	3922470	3923673	+
fadE27	Rv3505	3923697	3924819	+
fadD17	Rv3506	3924889	3926398	+
PE_PGRS53	Rv3507	3926568	3930714	+
PE_PGRS54	Rv3508	3931004	3936710	+
ilvX	Rv3509c	3936876	3938424	-
PE_PGRS55	Rv3511	3939616	3941761	+
PE_PGRS56	Rv3512	3943811	3944963	+
fadD18	Rv3513c	3945091	3945748	-
PE_PGRS57	Rv3514	3945793	3950263	+
fadD19	Rv3515c	3950823	3952470	-
echA19	Rv3516	3952543	3953335	+
cyp142	Rv3518c	3954324	3955521	-
ltp4	Rv3522	3958447	3959512	+
ltp3	Rv3523	3959528	3960713	+
kshA	Rv3526	3962438	3963599	+
PPE61	Rv3532	3969342	3970563	+
PPE62	Rv3533c	3970704	3972453	-
hsaF	Rv3534c	3972551	3973592	-
hsaG	Rv3535c	3973588	3974500	-
hsaE	Rv3536c	3974510	3975296	-
kstD	Rv3537	3975368	3977060	+
PPE63	Rv3539	3978058	3979498	+
ltp2	Rv3540c	3979498	3980659	-
fadE29	Rv3543c	3981976	3983140	-
fadE28	Rv3544c	3983124	3984144	-
cyp125	Rv3545c	3984143	3985445	-
fadA5	Rv3546	3985556	3986732	+
ddn	Rv3547	3986843	3987299	+
echA20	Rv3550	3989152	3989896	+
fdxB	Rv3554	3992684	3994742	+
fadA6	Rv3556c	3995803	3996964	-
PPE64	Rv3558	3997979	3999638	+
fadE30	Rv3560c	4000431	4001589	-
fadD3	Rv3561	4001636	4003160	+
fadE31	Rv3562	4003160	4004294	+
fadE32	Rv3563	4004290	4005250	+
fadE33	Rv3564	4005246	4006203	+
aspB	Rv3565	4006199	4007366	+
nat	Rv3566c	4007330	4008182	-
hsaB	Rv3567c	4008718	4009282	-
hsaC	Rv3568c	4009296	4010199	-
hsaD	Rv3569c	4010195	4011071	-
hsaA	Rv3570c	4011085	4012270	-
kshB	Rv3571	4012416	4013493	+
fadE34	Rv3573c	4014076	4016212	-
kstR	Rv3574	4016483	4017083	+
lppH	Rv3576	4018357	4019071	+
arsB2	Rv3578	4020141	4021383	+
cysS1	Rv3580c	4022393	4023803	-
ispF	Rv3581c	4023867	4024347	-
ispD	Rv3582c	4024343	4025039	-
lpqE	Rv3584	4025829	4026378	+
radA	Rv3585	4026443	4027886	+
canB	Rv3588c	4029870	4030494	-
mutY	Rv3589	4030492	4031407	+
PE_PGRS58	Rv3590c	4031403	4033158	-
lpqF	Rv3593	4034351	4035710	+
PE_PGRS59	Rv3595c	4036730	4038050	-
clpC1	Rv3596c	4038157	4040704	-
lsr2	Rv3597c	4040980	4041319	-
lysS	Rv3598c	4041422	4042940	-
panD	Rv3601c	4043861	4044281	-
panC	Rv3602c	4044280	4045210	-
folK	Rv3606c	4048180	4048747	-
folB	Rv3607c	4048743	4049145	-
folP1	Rv3608c	4049137	4049980	-
folE	Rv3609c	4049976	4050585	-
ftsH	Rv3610c	4050600	4052883	-
espD	Rv3614c	4054141	4054696	-
espC	Rv3615c	4054811	4055123	-
espA	Rv3616c	4055196	4056375	-
ephA	Rv3617	4057732	4058701	+
esxV	Rv3619c	4059983	4060268	-
esxW	Rv3620c	4060294	4060591	-
PPE65	Rv3621c	4060647	4061889	-
PE32	Rv3622c	4061898	4062198	-
lpqG	Rv3623	4062526	4063249	+
hpt	Rv3624c	4063253	4063904	-
mesJ	Rv3625c	4063900	4064872	-
ppa	Rv3628	4067422	4067911	+
galE1	Rv3634c	4072666	4073611	-
fic	Rv3641c	4079924	4080560	-
thrU	Rvnt39	4081364	4081437	-
topA	Rv3646c	4084452	4087257	-
cspA	Rv3648c	4088327	4088531	-
PE33	Rv3650	4091232	4091517	+
PE_PGRS60	Rv3652	4093631	4093946	+
PE_PGRS61	Rv3653	4093939	4094527	+
B11	RVnc0004	4099385	4099478	-
MTS2823	RVnc0036a	4100668	4100968	+
dppD	Rv3663c	4102031	4103678	-
dppC	Rv3664c	4103674	4104475	-
dppB	Rv3665c	4104530	4105457	-
dppA	Rv3666c	4105458	4107084	-
acs	Rv3667	4107791	4109747	+
ephE	Rv3670	4111345	4112329	+
nth	Rv3674c	4115156	4115894	-
crp	Rv3676	4116477	4117152	+
whiB4	Rv3681c	4121197	4121554	-
ponA2	Rv3682	4121915	4124348	+
proY	Rvnt40	4126540	4126614	+
cyp137	Rv3685c	4127294	4128725	-
rsfB	Rv3687c	4129322	4129691	-
moxR2	Rv3692	4133515	4134592	+
glpK	Rv3696c	4138201	4139755	-
vapC48	Rv3697c	4139804	4140242	-
vapB48	Rv3697A	4140238	4140463	-
egtE	Rv3700c	4142747	4143920	-
egtD	Rv3701c	4143950	4144916	-
egtC	Rv3702c	4144912	4145614	-
etgB	Rv3703c	4145613	4146891	-
gshA	Rv3704c	4146887	4148186	-
asd	Rv3708c	4151179	4152217	-
ask	Rv3709c	4152217	4153483	-
leuA	Rv3710	4153739	4155674	+
dnaQ	Rv3711c	4155739	4156729	-
cobQ2	Rv3713	4158226	4158922	+
recR	Rv3715c	4159888	4160500	-
dnaZX	Rv3721c	4164994	4166731	-
C8	RVnc0006	4168153	4168281	-
serV	Rvnt41	4168344	4168430	+
ligC	Rv3731	4181757	4182834	+
tgs2	Rv3734c	4184525	4185890	-
PPE66	Rv3738c	4189284	4190232	-
PPE67	Rv3739c	4190283	4190517	-
ctpJ	Rv3743c	4193390	4195373	-
nmtR	Rv3744	4195439	4195802	+
PE34	Rv3746c	4196170	4196506	-
serX	Rvnt42	4199130	4199217	-
tyrA	Rv3754	4200420	4201326	+
proZ	Rv3756c	4201893	4202613	-
proW	Rv3757c	4202609	4203299	-
proV	Rv3758c	4203286	4204417	-
proX	Rv3759c	4204425	4205373	-
fadE36	Rv3761c	4205861	4206917	-
lpqH	Rv3763	4209046	4209526	+
tcrY	Rv3764c	4209581	4211009	-
tcrX	Rv3765c	4211079	4211784	-
argU	Rvnt43	4216864	4216937	-
serT	Rvnt44	4216967	4217056	-
hisC2	Rv3772	4217133	4218195	+
echA21	Rv3774	4218848	4219673	+
lipE	Rv3775	4219684	4220932	+
serU	Rvnt45	4222580	4222667	-
rfbE	Rv3781	4227528	4228350	+
glfT1	Rv3782	4228346	4229261	+
rfbD	Rv3783	4229257	4230100	+
dprE1	Rv3790	4235778	4237164	+
dprE2	Rv3791	4237164	4237929	+
aftA	Rv3792	4237931	4239863	+
embC	Rv3793	4239862	4243147	+
embA	Rv3794	4243232	4246517	+
embB	Rv3795	4246513	4249810	+
fadE35	Rv3797	4251084	4252866	+
accD4	Rv3799c	4254379	4255948	-
pks13	Rv3800c	4255944	4261146	-
fadD32	Rv3801c	4261152	4263066	-
fbpD	Rv3803c	4264562	4265462	-
fbpA	Rv3804c	4265641	4266658	-
aftB	Rv3805c	4266952	4268836	-
ubiA	Rv3806c	4268924	4269833	-
glfT2	Rv3808c	4270365	4272279	-
glf	Rv3809c	4272275	4273475	-
pirG	Rv3810	4273738	4274593	+
PE_PGRS62	Rv3812	4276570	4278085	+
papA2	Rv3820c	4284418	4285825	-
mmpL8	Rv3823c	4288259	4291529	-
papA1	Rv3824c	4291638	4293174	-
pks2	Rv3825c	4293224	4299605	-
fadD23	Rv3826	4299811	4301566	+
serS	Rv3834c	4307654	4308914	-
pheA	Rv3838c	4311703	4312669	-
bfrB	Rv3841	4314177	4314723	+
glpQ1	Rv3842c	4314737	4315562	-
MTS2975	RVnc0040	4317072	4317165	+
sodA	Rv3846	4320703	4321327	+
espR	Rv3849	4323498	4323897	+
hns	Rv3852	4325073	4325478	+
rraA	Rv3853	4325494	4325968	+
ethA	Rv3854c	4326003	4327473	-
ethR	Rv3855	4327548	4328199	+
gltD	Rv3858c	4330038	4331505	-
gltB	Rv3859c	4331497	4336081	-
whiB6	Rv3862c	4338170	4338521	-
espE	Rv3864	4340269	4341478	+
espF	Rv3865	4341565	4341877	+
espG1	Rv3866	4341879	4342731	+
espH	Rv3867	4342769	4343321	+
eccA1	Rv3868	4343313	4345035	+
eccB1	Rv3869	4345038	4346481	+
eccCa1	Rv3870	4346480	4348724	+
eccCb1	Rv3871	4348826	4350602	+
PE35	Rv3872	4350744	4351044	+
PPE68	Rv3873	4351074	4352181	+
esxB	Rv3874	4352273	4352576	+
esxA	Rv3875	4352608	4352896	+
espI	Rv3876	4353009	4355010	+
eccD1	Rv3877	4355006	4356542	+
espJ	Rv3878	4356692	4357535	+
espK	Rv3879c	4357592	4359782	-
espL	Rv3880c	4360198	4360546	-
espB	Rv3881c	4360542	4361925	-
eccE1	Rv3882c	4362031	4363420	-
mycP1	Rv3883c	4363416	4364757	-
eccA2	Rv3884c	4364978	4366838	-
eccE2	Rv3885c	4366907	4368521	-
mycP2	Rv3886c	4368517	4370170	-
eccD2	Rv3887c	4370154	4371684	-
espG2	Rv3889c	4372799	4373630	-
esxC	Rv3890c	4373725	4374013	-
esxD	Rv3891c	4374048	4374372	-
PPE69	Rv3892c	4374483	4375683	-
PE36	Rv3893c	4375761	4375995	-
eccC2	Rv3894c	4376261	4380452	-
eccB2	Rv3895c	4380452	4381940	-
esxE	Rv3904c	4390436	4390709	-
esxF	Rv3905c	4390719	4391031	-
pcnA	Rv3907c	4391630	4393073	-
mutT4	Rv3908	4393448	4394195	+
sigM	Rv3911	4400185	4400854	+
trxB2	Rv3913	4401727	4402735	+
trxC	Rv3914	4402731	4403082	+
parB	Rv3917c	4405456	4406491	-
parA	Rv3918c	4406487	4407531	-
gidB	Rv3919c	4407527	4408202	-
rnpA	Rv3923c	4410411	4410789	-
rpmH	Rv3924c	4410785	4410929	-
